{"cameraMode":{"drawMode":0,"name":"Shaded","section":"Shading Mode"},"sceneLighting":false,"audioPlay":false,"sceneViewState":{"m_AlwaysRefresh":false,"showFog":true,"showSkybox":false,"showFlares":true,"showImageEffects":true,"showParticleSystems":true,"showVisualEffectGraphs":true,"m_FxEnabled":true},"in2DMode":false,"pivot":{"x":1.1794034242630005,"y":-0.5938907265663147,"z":-0.5430895090103149},"rotation":{"x":0.688798189163208,"y":-0.008698668330907822,"z":0.008265974931418896,"w":0.7248541712760925},"size":6.99160099029541,"orthographic":true}